Date,Location
2015-02-21,Leftfield
2015-06-30,Otto's Shrunken Head
2015-10-08,Desmond's Tavern
2015-11-05,Desmond's Tavern
2015-12-04,Desmond's Tavern
2016-01-09,Desmond's Tavern
2016-01-29,Desmond's Tavern
2016-03-18,Desmond's Tavern
2016-04-18,The Hall At MP
2016-07-07,Desmond's Tavern
2016-07-28,Desmond's Tavern
2016-09-23,Desmond's Tavern
2016-11-01,American Beauty
2017-01-06,Desmond's Tavern
2017-01-13,American Beauty
2017-02-23,American Beauty
2017-04-20,Desmond's Tavern
2017-06-16,Desmond's Tavern
2017-07-08,The Bitter End
2017-10-21,The Bitter End
2017-12-15,Desmond's Tavern
2018-01-27,The Bitter End
2018-03-22,Desmond's Tavern
2018-04-15,Engagement Party at Session 73
2018-04-20,The Bitter End
2018-07-13,The Bitter End
2018-11-01,Rockwood Music Hall
2018-12-01,Desmond's Tavern
2018-12-21,The Well
2018-12-29,The Bitter End
2019-02-08,The Bitter End
2019-04-20,Desmond's Tavern
2019-06-27,The Delancey
2019-10-25,The Bitter End
2019-12-07,Desmond's Tavern
2020-01-17,The Bitter End
2020-02-08,Desmond's Tavern
2020-03-06,The Well
2021-07-08,Arlene's Grocery
2022-12-30,Heaven Can Wait
2023-02-03,Rockwood Music Hall
2023-06-08,Arlene's Grocery
2023-10-11,Serafina Tribeca
2023-10-13,Brooklyn Music Kitchen
2023-12-02,Berlin Under A
2024-03-13,Bowery Electric
2024-03-15,Brooklyn Music Kitchen
2024-04-13,Arlene's Grocery
2024-06-07,Brooklyn Music Kitchen
2024-11-08,Brooklyn Music Kitchen
2024-12-06,Brooklyn Music Kitchen
2025-01-10,Arlene's Grocery
2025-03-08,Brooklyn Music Kitchen
2025-05-16,Arlene's Grocery
2026-01-30,Arlene's Grocery
2026-03-26,The Delancey
2026-04-04,Brooklyn Music Kitchen
2015-01-21,The Music Building
2015-01-28,The Music Building
2015-02-04,The Music Building
2015-02-25,The Music Building
2015-03-04,The Music Building
2015-09-16,The Music Building
2015-09-23,The Music Building
2015-10-14,The Music Building
2015-10-21,The Music Building
2015-11-04,The Music Building
2015-11-18,The Music Building
2015-12-02,The Music Building
2015-12-16,The Music Building
2016-01-06,The Music Building
2016-01-13,The Music Building
2016-01-20,The Music Building
2016-01-27,The Music Building
2016-01-30,The Music Building
2016-02-03,The Music Building
2016-02-10,The Music Building
2016-02-17,The Music Building
2016-03-02,The Music Building
2016-03-06,The Music Building
2016-03-16,The Music Building
2016-03-23,The Music Building
2016-03-30,The Music Building
2016-04-06,The Music Building
2016-04-13,The Music Building
2016-04-16,The Music Building
2016-04-27,The Music Building
2016-04-30,The Music Building
2016-05-04,The Music Building
2016-05-10,The Music Building
2016-05-14,The Music Building
2016-05-25,The Music Building
2016-06-01,The Music Building
2016-06-16,The Music Building
2016-06-17,The Music Building
2016-06-22,The Music Building
2016-07-06,The Music Building
2016-07-13,The Music Building
2016-07-27,The Music Building
2016-08-04,The Music Building
2016-08-13,The Music Building
2016-08-19,The Music Building
2016-08-28,The Music Building
2016-09-07,The Music Building
2016-09-14,The Music Building
2016-09-21,The Music Building
2016-09-28,The Music Building
2016-10-20,The Music Building
2016-10-27,The Music Building
2016-11-03,The Music Building
2016-11-10,The Music Building
2016-11-16,The Music Building
2016-11-30,The Music Building
2016-12-07,The Music Building
2016-12-17,The Music Building
2017-01-04,The Music Building
2017-01-11,The Music Building
2017-01-18,The Music Building
2017-02-01,The Music Building
2017-02-08,The Music Building
2017-02-15,The Music Building
2017-02-18,The Music Building
2017-02-22,The Music Building
2017-03-01,The Music Building
2017-03-05,The Music Building
2017-03-08,The Music Building
2017-03-22,The Music Building
2017-03-29,The Music Building
2017-04-05,The Music Building
2017-04-17,The Music Building
2017-04-19,The Music Building
2017-04-26,The Music Building
2017-05-01,The Music Building
2017-05-10,The Music Building
2017-05-15,The Music Building
2017-06-12,The Music Building
2017-06-19,The Music Building
2017-06-26,The Music Building
2017-06-30,The Music Building
2017-07-10,The Music Building
2017-07-17,The Music Building
2017-07-24,The Music Building
2017-07-31,The Music Building
2017-08-07,The Music Building
2017-08-21,The Music Building
2017-08-22,The Music Building
2017-08-28,The Music Building
2017-08-29,The Music Building
2017-09-11,The Music Building
2017-09-19,The Music Building
2017-09-26,The Music Building
2017-09-29,The Music Building
2017-10-03,The Music Building
2017-10-10,The Music Building
2017-10-17,The Music Building
2017-10-24,The Music Building
2017-10-31,The Music Building
2017-11-06,The Music Building
2017-11-14,The Music Building
2017-11-19,The Music Building
2017-11-28,The Music Building
2017-12-03,The Music Building
2017-12-05,The Music Building
2017-12-12,The Music Building
2017-12-20,The Music Building
2018-01-02,The Music Building
2018-01-06,The Music Building
2018-01-09,The Music Building
2018-01-17,The Music Building
2018-01-20,The Music Building
2018-01-23,The Music Building
2018-01-30,The Music Building
2018-02-10,The Music Building
2018-02-13,The Music Building
2018-02-20,The Music Building
2018-02-25,The Music Building
2018-02-27,The Music Building
2018-03-06,The Music Building
2018-03-13,The Music Building
2018-03-18,The Music Building
2018-03-27,The Music Building
2018-04-03,The Music Building
2018-04-08,The Music Building
2018-04-10,The Music Building
2018-04-17,The Music Building
2018-05-01,The Music Building
2018-05-15,The Music Building
2018-05-22,The Music Building
2018-05-29,The Music Building
2018-06-05,The Music Building
2018-06-12,The Music Building
2018-06-19,The Music Building
2018-06-27,The Music Building
2018-07-10,The Music Building
2018-07-31,The Music Building
2018-08-07,The Music Building
2018-08-14,The Music Building
2018-08-21,The Music Building
2018-08-28,The Music Building
2018-09-13,The Music Building
2018-09-28,The Music Building
2018-10-04,The Music Building
2018-11-08,The Music Building
2018-11-15,The Music Building
2018-11-25,The Music Building
2018-11-29,The Music Building
2018-12-06,The Music Building
2018-12-13,The Music Building
2018-12-20,The Music Building
2018-12-27,The Music Building
2019-01-03,The Music Building
2019-01-10,The Music Building
2019-01-17,The Music Building
2019-01-21,The Music Building
2019-01-23,The Music Building
2019-01-31,The Music Building
2019-02-02,The Music Building
2019-02-05,The Music Building
2019-02-20,The Music Building
2019-03-03,The Music Building
2019-03-06,The Music Building
2019-03-13,The Music Building
2019-03-20,The Music Building
2019-03-27,The Music Building
2019-03-31,The Music Building
2019-04-03,The Music Building
2019-04-10,The Music Building
2019-04-17,The Music Building
2019-04-23,The Music Building
2019-04-30,The Music Building
2019-05-07,The Music Building
2019-05-10,The Music Building
2019-05-14,The Music Building
2019-05-21,The Music Building
2019-05-28,The Music Building
2019-05-31,The Music Building
2019-06-04,The Music Building
2019-06-11,The Music Building
2019-06-18,The Music Building
2019-06-25,The Music Building
2019-07-06,The Music Building
2019-07-23,The Music Building
2019-07-30,The Music Building
2019-08-06,The Music Building
2019-08-20,The Music Building
2019-08-27,The Music Building
2019-09-06,The Music Building
2019-09-10,The Music Building
2019-09-17,The Music Building
2019-09-24,The Music Building
2019-10-01,The Music Building
2019-10-08,The Music Building
2019-10-15,The Music Building
2019-10-22,The Music Building
2019-11-01,The Music Building
2019-11-05,The Music Building
2019-11-12,The Music Building
2019-11-17,The Music Building
2019-11-19,The Music Building
2019-11-22,The Music Building
2019-11-26,The Music Building
2019-12-03,The Music Building
2019-12-10,The Music Building
2019-12-17,The Music Building
2020-01-03,The Music Building
2020-01-07,The Music Building
2020-01-14,The Music Building
2020-02-11,The Music Building
2020-02-18,The Music Building
2020-02-25,The Music Building
2020-03-03,The Music Building
2020-03-08,The Music Building
2020-03-10,Studio Chill
2021-04-10,Studio Chill
2021-04-17,Studio Chill
2021-04-27,Studio Chill
2021-05-13,Studio Chill
2021-05-25,Studio Chill
2021-06-03,Studio Chill
2021-06-16,Studio Chill
2021-07-07,Studio Chill
2021-07-22,Studio Chill
2021-08-04,Studio Chill
2021-08-10,Studio Chill
2021-08-31,Studio Chill
2021-09-28,Studio Chill
2021-10-05,Studio Chill
2021-10-13,Studio Chill
2021-10-19,Studio Chill
2021-10-23,Studio Chill
2021-10-26,Studio Chill
2021-11-02,Studio Chill
2021-11-09,Studio Chill
2021-11-17,Studio Chill
2021-11-27,Studio Chill
2021-11-30,Studio Chill
2021-12-07,Studio Chill
2021-12-14,Studio Chill
2021-12-29,Studio Chill
2022-01-05,Studio Chill
2022-01-12,Studio Chill
2022-01-26,Studio Chill
2022-02-02,Studio Chill
2022-02-09,Studio Chill
2022-02-16,Studio Chill
2022-03-26,Studio Chill
2022-05-01,Studio Chill
2022-05-30,Studio Chill
2022-06-08,Studio Chill
2022-06-25,Studio Chill
2022-07-13,Studio Chill
2022-08-24,Studio Chill
2022-09-14,Studio Chill
2022-09-21,Studio Chill
2022-09-28,Studio Chill
2022-10-07,Studio Chill
2022-10-12,Studio Chill
2022-10-19,Studio Chill
2022-10-22,Studio Chill
2022-10-26,Studio Chill
2022-11-02,Studio Chill
2022-11-11,Studio Chill
2022-11-15,Studio Chill
2022-11-30,Studio Chill
2022-12-13,Studio Chill
2022-12-28,Studio Chill
2023-01-11,Studio Chill
2023-01-19,Studio Chill
2023-01-25,Studio Chill
2023-01-27,Studio Chill
2023-02-08,Studio Chill
2023-02-17,Studio Chill
2023-02-22,Studio Chill
2023-03-01,Studio Chill
2023-03-08,Studio Chill
2023-03-15,Studio Chill
2023-03-17,Studio Chill
2023-03-22,Studio Chill
2023-03-29,Studio Chill
2023-04-04,Studio Chill
2023-04-20,Studio Chill
2023-04-26,Studio Chill
2023-05-03,Studio Chill
2023-05-10,Studio Chill
2023-05-17,Studio Chill
2023-05-24,Studio Chill
2023-05-31,Studio Chill
2023-06-14,Studio Chill
2023-07-05,Studio Chill
2023-07-12,Studio Chill
2023-07-26,Studio Chill
2023-08-06,Studio Chill
2023-08-09,Studio Chill
2023-08-16,Studio Chill
2023-08-23,Studio Chill
2023-08-30,Studio Chill
2023-09-06,Studio Chill
2023-09-13,Studio Chill
2023-09-27,Studio Chill
2023-09-29,Studio Chill
2023-10-04,Studio Chill
2023-10-06,Studio Chill
2023-10-18,Studio Chill
2023-10-26,Studio Chill
2023-11-01,Studio Chill
2023-11-09,Studio Chill
2023-11-15,Studio Chill
2023-12-01,Studio Chill
2023-12-14,Studio Chill
2023-12-27,Studio Chill
2023-12-30,Studio Chill
2024-01-03,Studio Chill
2024-01-10,Studio Chill
2024-01-17,Studio Chill
2024-01-24,Studio Chill
2024-02-07,Studio Chill
2024-02-16,Studio Chill
2024-02-21,Studio Chill
2024-02-28,Studio Chill
2024-03-10,Studio Chill
2024-03-21,Studio Chill
2024-03-27,Studio Chill
2024-04-03,Studio Chill
2024-04-10,Studio Chill
2024-04-17,Studio Chill
2024-04-25,Studio Chill
2024-05-01,Studio Chill
2024-05-08,Studio Chill
2024-05-15,Studio Chill
2024-05-23,Studio Chill
2024-05-30,Studio Chill
2024-06-06,Studio Chill
2024-06-26,Danktuary Studios
2024-06-28,Danktuary Studios
2024-07-02,Danktuary Studios
2024-07-10,Danktuary Studios
2024-07-31,Danktuary Studios
2024-08-14,Danktuary Studios
2024-08-19,Danktuary Studios
2024-09-04,Danktuary Studios
2024-09-10,Danktuary Studios
2024-10-05,Danktuary Studios
2024-10-09,Danktuary Studios
2024-10-16,Danktuary Studios
2024-11-02,Danktuary Studios
2024-11-06,Danktuary Studios
2024-11-13,Danktuary Studios
2024-11-20,Danktuary Studios
2024-11-25,Danktuary Studios
2024-12-11,Danktuary Studios
2024-12-18,Danktuary Studios
2024-12-22,Danktuary Studios
2025-01-08,Danktuary Studios
2025-01-13,Danktuary Studios
2025-01-18,Danktuary Studios
2025-01-22,Danktuary Studios
2025-01-28,Danktuary Studios
2025-02-05,Danktuary Studios
2025-02-26,Danktuary Studios
2025-03-03,Danktuary Studios
2025-03-05,Danktuary Studios
2025-03-12,Danktuary Studios
2025-03-19,Danktuary Studios
2025-03-27,Danktuary Studios
2025-04-02,Danktuary Studios
2025-04-10,Danktuary Studios
2025-04-17,Danktuary Studios
2025-04-30,Danktuary Studios
2025-05-09,Danktuary Studios
2025-05-12,Danktuary Studios
2025-05-14,Danktuary Studios
2025-05-21,Danktuary Studios
2025-06-11,Danktuary Studios
2025-06-18,Danktuary Studios
2025-06-25,Danktuary Studios
2025-07-02,Danktuary Studios
2025-07-09,Danktuary Studios
2025-07-16,Danktuary Studios
2025-07-30,Danktuary Studios
2025-08-06,Danktuary Studios
2025-08-13,Danktuary Studios
2025-08-20,Danktuary Studios
2025-08-26,Danktuary Studios
2025-09-05,Danktuary Studios
2025-09-09,Danktuary Studios
2025-09-12,Danktuary Studios
2025-09-17,Danktuary Studios
2025-09-24,Danktuary Studios
2025-10-01,Danktuary Studios
2025-10-08,Danktuary Studios
2025-10-15,Danktuary Studios
2025-10-22,Danktuary Studios
2025-10-23,Danktuary Studios
2025-10-30,Danktuary Studios
2025-11-06,Danktuary Studios
2025-11-12,Danktuary Studios
2025-11-19,Danktuary Studios
2025-11-22,Danktuary Studios
2025-12-02,Danktuary Studios
2025-12-11,Danktuary Studios
2025-12-17,Danktuary Studios
2025-12-27,Danktuary Studios
2026-01-02,Danktuary Studios
2026-01-07,Danktuary Studios
2026-01-11,Danktuary Studios
2026-01-14,Danktuary Studios
2026-01-21,Danktuary Studios
2026-01-26,Danktuary Studios
2026-01-28,Danktuary Studios
2026-02-04,Danktuary Studios
2026-02-09,Danktuary Studios
2026-02-18,Danktuary Studios
2026-02-26,Danktuary Studios
2026-03-04,Danktuary Studios
2026-03-11,Danktuary Studios
2026-03-18,Danktuary Studios
2026-03-22,Danktuary Studios
2026-03-24,Danktuary Studios
2026-04-15,Danktuary Studios
2026-04-22,Danktuary Studios
2026-04-29,Danktuary Studios
2026-05-07,Danktuary Studios
2026-05-13,Danktuary Studios
2026-05-20,Danktuary Studios
2026-06-09,Danktuary Studios
2026-06-17,Danktuary Studios
2026-06-22,Danktuary Studios
2026-06-25,Danktuary Studios
2026-06-27,Danktuary Studios
2015-12-12,LoveDeep's Great Adventure
2017-01-27,Berkshires
2017-01-28,Berkshires
2017-03-10,Bridgehampton
2017-03-11,Bridgehampton
2017-03-12,Bridgehampton
2017-08-10,Berkshires
2017-08-11,Berkshires
2017-08-12,Berkshires
2017-08-13,Berkshires
2018-10-19,Berkshires
2018-10-20,Berkshires
2022-01-14,Berkshires
2022-01-15,Berkshires
2022-01-16,Berkshires
2024-01-25,Berkshires
2024-01-26,Berkshires
2024-01-27,Berkshires
