Title,Type,Artist
25 Or 6 To 4,,
46 Days,,
A Little More,,
A Little More (2),,
Acadian Driftwood,,
Acdc Bag,,
Acid,,
Across The Great Divide,,
After Midnight,,
Again,,
Ain't No Woman,,
Ain't No Woman (2),,
Alabama Getaway,,
All Along The Watchtower,,
All I Wanna Do,,
All My Favorite People,,
All My Favorite People (2),,
All My Favorite People (3),,
All My Favorite People (4),,
All My Favorite People (5),,
Alma's Fat Mama,,
Alma's Fat Mama (2),,
Althea,,
Althea (2),,
American Girl,,
American Girl (2),,
American Girl (3),,
American Girl (4),,
American Pie,,
And We Bid You Goodnight,,
Angels Like You,,
"April 29, 1992",,
Army Of One,,
Atlantic City,,
Atlantic City (2),,
Atlantic City (3),,
Atlantic City (4),,
Atlantis,,
Atoms In Pursuit,,
Atoms In Pursuit (2),,
Autumn Leaves,,
Baba O'riley,,
Baba O'riley (2),,
Baba O'riley (3),,
Back In Black,,
Back On The Train,,
Back To Black,,
Back To Black (2),,
Balloons,,
Bass Solo,,
Beast Of Burden,,
Beat It On Down The Line,,
Beat It On Down The Line (2),,
Been A While,,
Been A While (2),,
Been A While (3),,
Bertha,,
Bertha (2),,
Bertha (3),,
Big Railroad Blues,,
Big River,,
Big River (2),,
Bird Song,,
Black Throated Wind,,
Black Throated Wind (2),,
Blues,,
Blues (2),,
Blues Medley,,
Bongo Bong,,
Bony Maronie,,
Bottle Of Wine,,
Bottle Of Wine (2),,
Breathe,,
Breathe (2),,
Bring It On Home,,
Brizel Song,,
Brokedown Palace,,
Brokedown Palace (2),,
Brown Eyed Women,,
Brown Eyed Women (2),,
Built To Last,,
Can You Get To That,,
Candyman,,
Candyman (2),,
Cassidy,,
Catfish John,,
Chalkdust Torture,,
Chameleon,,
Character Zero,,
Chatter,,
Chatter (2),,
Chatter (3),,
Chatter (4),,
Chatter (5),,
Chatter (6),,
Chatter (7),,
Chatter (8),,
Chest Fever,,
Chest Fever (2),,
China Cat Sunflower,,
Chinatown Shuffle,,
Christmas Must Be Tonight,,
Cissy Strut,,
Cities,,
Cold Beer,,
Cold Rain And Snow,,
Cold Shot,,
Colors,,
Cool It Down,,
Crazy Rap,,
Crosseyed And Painless,,
Crossroads,,
Cumberland Blues,,
Cumberland Blues (2),,
Cumberland Blues (3),,
Curiosity,,
Curiosity (2),,
Curiosity (3),,
Curtis Loew,,
Dancin In The Moonlight,,
Dancin In The Street,,
Dancin In The Street (2),,
Dancin In The Street (3),,
Dark Star,,
Dave And Chris,,
Deal,,
Deal (2),,
Dear Mr. Fantasy,,
Dear Mr. Fantasy (2),,
Descent (dah Dah Dah),,
Dire Wolf,,
Dire Wolf (2),,
Dire Wolf (3),,
Disappear Into Delirium,,
Disappear Into Delirium (2),,
Disappear Into Delirium (3),,
Dixie Chicken,,
Dock Of The Bay,,
Dock Of The Bay (2),,
Don't Do It,,
Don't Ease Me In,,
Don't Let Go,,
Don't Let Go (2),,
Don't Stop Til You Get Enough,,
Down With Disease,,
Draggin The Line,,
Draggin The Line (2),,
Dream A Little Dream,,
Dupree's Diamond Blues,,
El Paso,,
Energy,,
Energy (2),,
Eyes Of The World,,
Eyes Of The World (2),,
Feel Like A Stranger,,
Feel Like A Stranger (2),,
Feel Like A Stranger (3),,
Final Cut,,
Fingerprint File,,
Fire On The Mountain,,
Fire On The Mountain (2),,
First Tube,,
Flash Of Light,,
Flash Of Light (2),,
Float On The Breeze,,
Fluffhead,,
Found,,
Franklin's Tower,,
Free,,
Free Bird,,
Friend Of The Devil,,
Fuck You,,
Funk,,
Funkin Around,,
Further On Up The Road,,
Get Up Jake,,
Gloria,,
Go Your Own Way,,
Go Your Own Way (2),,
Go Your Own Way (3),,
Goin Down,,
Goin Down The Road Feelin Bad,,
Good Lovin,,
Good Lovin (2),,
Good Morning Little Schoolgirl,,
Good Morning Little Schoolgirl (2),,
Good Morning Little Schoolgirl (3),,
Got My Mojo Working,,
Got To Get Better In A Little While,,
Gravioli,,
Gravioli (2),,
Gravioli (3),,
Gravioli (praise You),,
Greatest Story Ever Told,,
Happy Trails,,
Hard To Find,,
Hard To Find (2),,
He's Gone,,
Heart It Races,,
Hell In A Bucket,,
Help On The Way,,
Helpless,,
Here Comes Sunshine,,
Here Comes Sunshine (2),,
Here Comes Sunshine (3),,
Here Comes Sunshine (4),,
Hollywood Nights,,
How Are You,,
How Does Your Time Feel,,
How Many More Times,,
How Sweet It Is,,
Human After All,,
Hurricane,,
I Am The Walrus,,
I Can See For Miles,,
I Can't Explain,,
I Can't Go For That,,
I Can't Quit You Baby,,
I Get Around,,
I Get Lifted,,
I Know You Rider,,
I Know You Rider (2),,
I Know You Rider (3),,
I Saw Her Standing There,,
I Second That Emotion,,
I Shall Be Released,,
I Want You Back,,
I Want You Back (2),,
I'll Take You There,,
I'm The One,,
I'm The One (2),,
I've Got A Feeling,,
Iko Iko,,
In The Shadows,,
It Makes No Difference,,
It Must Have Been The Roses,,
Jack Straw,,
Jack Straw (2),,
Jack Straw (3),,
Jack-a-roe,,
Jack-a-roe (2),,
Jam,,
Jam (2),,
Jam (3),,
Jam (4),,
Jam (5),,
Jam (6),,
Jam (7),,
Jam (8),,
Johnny B. Goode,,
Join Together,,
Just Dance,,
Just Dance (2),,
Just... Now,,
Key To The Highway,,
King Harvest,,
King Harvest (2),,
King Harvest (3),,
Knockin On Heavens Door,,
Knockin' Lost John,,
Knockin' Lost John (2),,
Kodachrome,,
L = M,,
Laurel Mountain,,
Lawn Boy,,
Lawn Boy (2),,
Layla,,
Lazy River Road,,
Let Go,,
Let The Good Times Roll,,
Let The Good Times Roll (2),,
Let The Sunshine In,,
Life Is A Carnival,,
Limb By Limb,,
Liz Reed,,
Locomotive Breath,,
Long Black Veil,,
Long Train Runnin,,
Long Way To Go,,
Look Out Cleveland,,
Look Out Cleveland (2),,
Loser,,
Loser (2),,
Lost,,
Lost (2),,
Love Man,,
Love Man (2),,
Lovin Cup,,
Lucille,,
Lullaby,,
Magic Bus,,
Magnetism,,
Magnificent Sanctuary Band,,
Magnificent Sanctuary Band (2),,
Mama Tried,,
Mama Tried (2),,
Many The Miles,,
Maroon Five Song,,
Marshall,,
Marshall (2),,
Marshall Song,,
Me And My Uncle,,
Me And My Uncle (2),,
Me And My Uncle (3),,
Metronomic,,
Mexicali Blues,,
Mexicali Blues (2),,
Midnight Moonlight,,
Midnight Rambler,,
Might As Well,,
Mike's Song,,
Milk Is Terrible For You,,
Mission In The Rain,,
Mission In The Rain (2),,
Mississippi Half-step Uptown Toodeloo,,
Mississippi Half-step Uptown Toodeloo (2),,
Mississippi Half-step Uptown Toodeloo (3),,
Moonage Daydream,,
Moondance,,
Morning Dew,,
Mr. Cemani,,
Mr. Charlie,,
Mr. Charlie (2),,
My Church,,
My Church (2),,
My Shot,,
My Soul,,
Mystery Train,,
New Briz Song,,
New Minglewood Blues,,
New Minglewood Blues (2),,
New Song,,
New Song (2),,
New Speedway Boogie,,
New Speedway Boogie (2),,
New York I Love You,,
Next Time You See Me,,
Night Moves,,
Night Moves (2),,
Not Fade Away,,
Nothing To Do Today,,
Ob-la-di Ob-la-da,,
Oh Darling,,
Oh Darling (2),,
Oh! Sweet Nuthin,,
Old And In The Way,,
Old Home Place,,
On My Mind,,
On My Mind (2),,
On The Run,,
One More Saturday Night,,
One Of These Days,,
One Toke Over The Line,,
One Way Out,,
One Way Out (2),,
Only The Good Die Young,,
Opening,,
Ophelia,,
Other Side Of Paradise,,
Other Side Of Paradise (2),,
Other Side Of Paradise (3),,
Outa Space,,
Outside Woman Blues,,
Peggy-o,,
Playin In The Band,,
Playin In The Band (2),,
Playin In The Band (3),,
Please Pardon Yourself,,
Possum,,
Praise You,,
Pride And Joy,,
Promised Land,,
Promised Land (2),,
Promontory Rider,,
Proud Mary,,
Psycho Killer,,
Push Comes To Shove,,
Push Comes To Shove (2),,
Push Comes To Shove (3),,
Put Your Records On,,
Put Your Records On (2),,
Put Your Records On (3),,
Quarantine Blues,,
Ramble On Rose,,
Ramble On Rose (2),,
Ramble On Rose (3),,
Ramble On Rose (4),,
Red House,,
Reggae,,
Resonate,,
Road To Nowhere,,
Roadhouse Blues,,
Roads,,
Rock And Roll,,
Rocky Raccoon,,
Rosalee Mcfall,,
Roses Are Free,,
Rotation,,
Rotation (2),,
Rules Of The Game,,
Rules Of The Game (2),,
"Sail On, Sailor",,
Saint Of Circumstance,,
Saint Of Circumstance (2),,
Saint Of Circumstance (3),,
Sample In A Jar,,
Samson And Delilah,,
Samson And Delilah (2),,
Samson And Delilah (3),,
Samson And Delilah (4),,
Sand,,
Scarlet Begonias,,
Set Free,,
Set Free (2),,
Set Free (3),,
Shadow People,,
Shakedown Street,,
Shakedown Street (2),,
Shakedown Street (3),,
Shama Lama Ding Dong,,
Shine A Light,,
Shining Star,,
Ship Of Fools,,
Ship Of Fools (2),,
Silhouette,,
Silhouette (2),,
Silhouette (3),,
Silhouette (4),,
Sisters And Brothers,,
Sitting Here In Limbo,,
Skin It Back,,
Slave To The Traffic Light,,
Slipknot,,
Sloop John B,,
Slow Dance,,
Smoke Two Joints,,
Sneaking Sally,,
So Many Roads,,
So Many Roads (2),,
So Many Roads (3),,
Someone Great,,
Sorcery,,
Sorcery (2),,
Soundcheck,,
Spanish,,
Speak Up!,,
Speak Up! (2),,
Speak Up! (3),,
Speak Up! (4),,
Spoonful,,
Stage Fright,,
Stage Fright (2),,
Stage Fright (3),,
Standing On The Moon,,
Statesboro Blues,,
Stones Medley,,
Street Walker,,
Suffragette City,,
Suffragette City (2),,
Suffragette City (3),,
Sugar Magnolia,,
Sugaree,,
Sugaree (2),,
Sunshine Daydream,,
Sunshine Of Your Love,,
Superstition,,
Swing Low (sweet Chariot),,
Tangled Up In Blue,,
Tangled Up In Blue (2),,
Tangled Up In Blue (3),,
Tennessee Jed,,
Tennessee Jed (2),,
Tennessee Jed (3),,
Terrapin Station,,
Terrapin Station (2),,
Terrapin Station (3),,
Thank You,,
That Old Black Hole,,
That Thing You Do,,
That's All Right Mama,,
That's What Love Will Make You Do,,
The Breeze,,
The Forbidden Hey Jude,,
The Harder They Come,,
The Illusion,,
The Illusion (2),,
The Music Never Stopped,,
The Music Never Stopped (2),,
The Music Never Stopped (3),,
The Night They Drove Old Dixie Down,,
The Night They Drove Old Dixie Down (2),,
The Other One,,
The Other One (2),,
The Race Is On,,
The Real Me,,
The Rumor,,
The Rumor (2),,
The Shape I'm In,,
The Shape I'm In (2),,
The Shape I'm In (3),,
The Shape I'm In (4),,
The Shape I'm In (5),,
The Thrill Is Gone,,
The Way You Do The Things You Do,,
The Wedge,,
The Weight,,
The Weight (2),,
The Weight (3),,
The Wheel,,
Theme From The Bottom,,
There Goes My Sanity,,
There Goes My Sanity (2),,
They Love Each Other,,
They Love Each Other (2),,
They Love Each Other (3),,
This Wheel's On Fire,,
This Wheel's On Fire (2),,
This Wheel's On Fire (3),,
Throwing Stones,,
Time Slows Down,,
Tobacco Road,,
Truckin,,
Tryin To Live My Life Without You,,
Tuning,,
Turn On Your Lovelight,,
Turn On Your Lovelight (2),,
Twist,,
Twist And Shout,,
Twisting The Night Away,,
U.s. Blues,,
Uncle John's Band,,
Undermind,,
Up On Cripple Creek,,
Valerie,,
Valerie (2),,
Ventilator,,
Vienna,,
Vienna (2),,
Viola Lee Blues,,
Viola Lee Blues (2),,
Viola Lee Blues (3),,
Voodoo Child,,
W.s. Walcott Medicine Show,,
W.s. Walcott Medicine Show (2),,
Wagon Wheel,,
Waiting For A Miracle,,
Walkin On The Sun,,
Wastin' Time,,
Waterfalls,,
Way Back Home,,
West L.a. Fadeaway,,
Wharf Rat,,
Wharf Rat (2),,
What I Got,,
What'd I Say,,
What's It All For,,
When I Paint My Masterpiece,,
Whipping Post,,
Whipping Post (2),,
Who Do You Love,,
Why Don't We Do It In The Road,,
Why Ya Gotta Be Like That,,
Will It Go Round In Circles,,
Willin,,
Wolfman's Brother,,
World Of Probability,,
World Of Probability (2),,
Ya Mar,,
You And I,,
You And I (2),,
You Are The Mystery,,
You Can't Hurry Love,,
You Oughta Know,,
Your Love Is Taking Me Higher,,
Ziggy Stardust,,
