Title,Artist,
4% Pantomime,The Band,
46 Days,Phish,
A Change Is Gonna Come,The Band,
ACDC Bag,Phish,
Acadian Driftwood,The Band,
Across the Great Divide,The Band,
After Midnight,Eric Clapton,
Ain't Got No Home,The Band,
Ain't No Woman,The Four Tops,
Ain't That a Lot of Love,The Band,
Alabama Getaway,Grateful Dead,
All La Glory,The Band,
Alligator,Grateful Dead,
Althea,Grateful Dead,
American Girl,Tom Petty,
Army Of One,Phish,
Around and Around,Grateful Dead,
Atlantic City,The Band,
Attics of My Life,Grateful Dead,
Baba O'Riley,The Who,
Back on the Train,Phish,
Beast of Burden,The Rolling Stones,
Beat It On Down the Line,Grateful Dead,
Bertha,Grateful Dead,
Big Boss Man,Grateful Dead,
Big Railroad Blues,Grateful Dead,
Big River,Grateful Dead,
Bird Song,Grateful Dead,
Black Muddy River,Grateful Dead,
Black Peter,Grateful Dead,
Black Throated Wind,Grateful Dead,
Blow Away,Grateful Dead,
Born Cross-Eyed,Grateful Dead,
Box of Rain,Grateful Dead,
Breathe,Pink Floyd,
Brokedown Palace,Grateful Dead,
Broken Arrow,Grateful Dead,
Brown Eyed Women,Grateful Dead,
Built to Last,Grateful Dead,
C.C. Rider,Grateful Dead,
Caledonia Mission,The Band,
Can You Get To That,Funkadelic,
Candyman,Grateful Dead,
Casey Jones,Grateful Dead,
Cassidy,Grateful Dead,
Catfish John,Jerry Garcia Band,
Cats Under The Stars,Jerry Garcia Band,
Caution (Do Not Stop on Tracks),Grateful Dead,
Chameleon,Herbie Hancock,
Chest Fever,The Band,
China Cat Sunflower,Grateful Dead,
China Doll,Grateful Dead,
Chinatown Shuffle,Grateful Dead,
Christmas Must Be Tonight,The Band,
Cissy Strut,The Meters,
Cities,Talking Heads,
Cold Rain And Snow,Grateful Dead,
Colors,The Black Pumas,
Comes A Time,Grateful Dead,
Cool It Down,Velvet Underground,
Cosmic Charlie,Grateful Dead,
Crazy Fingers,Grateful Dead,
Cream Puff War,Grateful Dead,
Crosseyed And Painless,Talking Heads,
Cumberland Blues,Grateful Dead,
Dancin In The Street,Grateful Dead,
Daniel and the Sacred Harp,The Band,
Dark Hollow,Grateful Dead,
Dark Star,Grateful Dead,
Days Between,Grateful Dead,
Deal,Grateful Dead,
Dear Mr. Fantasy,Traffic,
Deep Elem Blues,Grateful Dead,
Dire Wolf,Grateful Dead,
Dixie Chicken,Little Feat,
Doin That Rag,Grateful Dead,
Don't Do It,The Band,
Don't Ease Me In,Grateful Dead,
Don't Let Go,Jerry Garcia Band,
Down With Disease,Phish,
Draggin the Line,Tommy James,
Dupree's Diamond Blues,Grateful Dead,
Easy Wind,Grateful Dead,
El Paso,Grateful Dead,
Estimated Prophet,Grateful Dead,
Eyes of the World,Grateful Dead,
Fallen Angels,The Band,
Feel Like A Stranger,Grateful Dead,
Fire on the Mountain,Grateful Dead,
First Tube,Phish,
Foolish Heart,Grateful Dead,
Forbidden Fruit,The Band,
Franklin's Tower,Grateful Dead,
Free,Phish,
Friend of the Devil,Grateful Dead,
Go Your Own Way,Fleetwood Mac,
Goin Down the Road Feeling Bad,Grateful Dead,
Golden Road,Grateful Dead,
Good Lovin,Grateful Dead,
Good Morning Little Schoolgirl,Traditional,
Greatest Story Ever Told,Grateful Dead,
He's Gone,Grateful Dead,
Hell In A Bucket,Grateful Dead,
Help on the Way,Grateful Dead,
Here Comes Sunshine,Grateful Dead,
High Time,Grateful Dead,
Hobo Jungle,The Band,
Holy Cow,The Band,
How Sweet it Is,Jerry Garcia Band,
Hurricane,Levon Helm,
I Am The Walrus,The Beatles,
I Know You Rider,Grateful Dead,
I Need a Miracle,Grateful Dead,
I Second That Emotion,The Miracles,
I Shall Be Released,The Band,
I'm Ready,The Band,
I've Got A Feeling,The Beatles,
Iko Iko,Dr. John/Trad,
In a Station,The Band,
Islands,The Band,
It Makes No Difference,The Band,
It Must Have Been the Roses,Grateful Dead,
Jack-A-Roe,Grateful Dead,
Jack Straw,Grateful Dead,
Jawbone,The Band,
Jemima Surrender,The Band,
Johnny B. Goode,Grateful Dead,
Jupiter Hollow,The Band,
Just Another Whistle Stop,The Band,
Just Dance,Lady Gaga,
Key to the Highway,Traditional,
King Harvest,The Band,
Knockin' Lost John,The Band,
Last of the Blacksmiths,The Band,
Lawn Boy,Phish,
Layla,Derek and the Dominoes,
Lazy Lightning,Grateful Dead,
Lazy River Road,Grateful Dead,
Let It Grow,Grateful Dead,
Let The Good Times Roll,Grateful Dead,
Let the Night Fall,The Band,
Life Is a Carnival,The Band,
Limb By Limb,Phish,
Livin' in a Dream,The Band,
Lonesome Suzie,The Band,
Long Black Veil,The Band,
Long Train Runnin,The Doobie Bros,
Long Way to Go,Railroad Earth,
Look Out Cleveland,The Band,
Looks Like Rain,Grateful Dead,
Loose Lucy,Grateful Dead,
Loser,Grateful Dead,
Lost Sailor,Grateful Dead,
Love Man,Otis Redding,
Lovin Cup,The Rolling Stones,
Magic Bus,The Who,
Magnificent Sanctuary Band,Jerry Garcia Band,
Mama Tried,Grateful Dead,
Mason's Children,Grateful Dead,
Me and My Uncle,Grateful Dead,
Mexicali Blues,Grateful Dead,
Midnight Moonlight,Jerry Garcia Band,
Might As Well,Jerry Garcia Band,
Mission in the Rain,Jerry Garcia Band,
Mississippi Half-Step Uptown Toodeloo,Grateful Dead,
Monkey And The Engineer,Grateful Dead,
Moonage Daydream,David Bowie,
Morning Dew,Grateful Dead,
Mountains of the Moon,Grateful Dead,
Mr. Charlie,Grateful Dead,
My Brother Esau,Grateful Dead,
My Sisters and Brothers,Jerry Garcia Band,
Mystery Train,The Band,
New Minglewood Blues,Grateful Dead,
New Potato Caboose,Grateful Dead,
New Speedway Boogie,Grateful Dead,
Next Time You See Me,Grateful Dead,
Night Moves,Bob Seger,
Not Fade Away,Grateful Dead,
Oh Darling,The Beatles,
One More Saturday Night,Grateful Dead,
One Toke Over The Line,Brewer & Shipley,
One Way Out,Allman Brothers Band,
Operator,Grateful Dead,
Ophelia,The Band,
Passenger,Grateful Dead,
Peggy-O,Grateful Dead,
Playing in the Band,Grateful Dead,
Possum,Phish,
Pride Of Cucamonga,Grateful Dead,
Promised Land,Grateful Dead,
Promised Land,The Band,
Promontory Rider,Robert Hunter,
Queen Jane Approximately,Jerry Garcia Band,
Quinn The Eskimo,Jerry Garcia Band,
Rag Mama Rag,The Band,
Rags and Bones,The Band,
Ramble on Rose,Grateful Dead,
Right as Rain,The Band,
Ring Your Bell,The Band,
Ripple,Grateful Dead,
Roads,Assembly Of Dust,
Rock And Roll,Velvet Underground,
Rockin' Chair,The Band,
Roses Are Free,Ween,
Row Jimmy,Grateful Dead,
Rubin And Cherise,Jerry Garcia Band,
Run For The Roses,Jerry Garcia Band,
"Sail On, Sailor",Beach Boys,
Saint of Circumstance,Grateful Dead,
Sample In A Jar,Phish,
Samson and Delilah,Grateful Dead,
Sand,Phish,
Saved,The Band,
Scarlet Begonias,Grateful Dead,
Shadow People,Dr. Dog,
Shakedown Street,Grateful Dead,
Share Your Love,The Band,
Shine a Light,The Rolling Stones,
Shining Star,Jerry Garcia Band,
Ship of Fools,Grateful Dead,
Shoot Out in Chinatown,The Band,
Simple Twist Of Fate,Jerry Garcia Band,
Sing Me Back Home,Grateful Dead,
Sitting In Limbo,Grateful Dead,
Dock Of The Bay,Otis Redding,
Sleeping,The Band,
Sloop John B,Beach Boys,
Smoke Signal,The Band,
Sneaking Sally,Robert Palmer,
So Many Roads,Grateful Dead,
Southern Cross,The Band,
St. Stephen,Grateful Dead,
Stage Fright,The Band,
Stagger Lee,Grateful Dead,
Standing On the Moon,Grateful Dead,
Stella Blue,Grateful Dead,
Strawberry Wine,The Band,
Street Walker,The Band,
Stuck Inside of Mobile with the Memphis Blues Again,Jerry Garcia Band,
Sugar Magnolia,Grateful Dead,
Sugaree,Grateful Dead,
Supplication,Grateful Dead,
Tangled Up In Blue,Jerry Garcia Band,
Tears of Rage,The Band,
Tennessee Jed,Grateful Dead,
Terrapin Station,Grateful Dead,
Thank You,Sly And The Family Stone,
That's All Right Mama,Elvis Presley,
The Days Between,Grateful Dead,
The Eleven,Grateful Dead,
The Great Pretender,The Band,
The Harder They Come,Jerry Garcia Band,
The Moon Struck One,The Band,
The Music Never Stopped,Grateful Dead,
The Night They Drove Old Dixie Down,The Band,
The Other One,Grateful Dead,
The Race Is On,Jerry Garcia Band,
The River Hymn,The Band,
The Rumor,The Band,
The Shape I'm In,The Band,
The Unfaithful Servant,The Band,
W.S. Walcott Medicine Show,The Band,
The Way You Do The Things You Do,Jerry Garcia Band,
The Wedge,Phish,
The Weight,The Band,
The Wheel,Grateful Dead,
Theme From The Bottom,Phish,
They Love Each Other,Grateful Dead,
Thinkin' Out Loud,The Band,
Third Man Theme,The Band,
This Wheel's on Fire,The Band,
Throwing Stones,Grateful Dead,
Till The Morning Comes,Grateful Dead,
Time to Kill,The Band,
To Kingdom Come,The Band,
Touch of Grey,Grateful Dead,
Truckin,Grateful Dead,
Tryin to Live My Life Without You,Otis Clay,
Turn On Your Lovelight,Grateful Dead,
Twist,Phish,
Twisting The Night Away,Sam Cooke,
U.S. Blues,Grateful Dead,
Unbroken Chain,Grateful Dead,
Uncle John's Band,Grateful Dead,
Up on Cripple Creek,The Band,
Valerie,Amy Winehouse,
Victim Or The Crime,Grateful Dead,
Vienna,Billy Joel,
Viola Lee Blues,Grateful Dead,
Volcano,The Band,
Wagon Wheel,Old Crow Medicine Show,
Waiting For A Miracle,Jerry Garcia Band,
Walkin Blues,Grateful Dead,
We Can Talk,The Band,
Werewolves of London,Warren Zevon,
West L.A. Fadeaway,Grateful Dead,
Wharf Rat,Grateful Dead,
What I Got,Sublime,
When I Paint My Masterpiece,Jerry Garcia Band,
When Push Comes to Shove,Grateful Dead,
When You Awake,The Band,
Where Do We Go from Here?,The Band,
Whipping Post,Allman Brothers Band,
Whispering Pines,The Band,
Willin,Little Feat,
Wolfman's Brother,Phish,
You Can't Hurry Love,The Supremes,
